{
  "name": "ion-profile-picture",
  "homepage": "https://github.com/israelidanny/ion-profile-picture",
  "authors": [
    "Danny Povolotski <dannypovolotski@gmail.com>"
  ],
  "description": "A nice little directive for a profile picture selector",
  "main": "ion-profile-picture.js",
  "keywords": [
    "ionic",
    "maps",
    "profile",
    "picture",
    "image"
  ],
  "license": "MIT",
  "ignore": [
    "**/.*",
    "node_modules",
    "bower_components",
    "test",
    "tests"
  ],
  "_release": "5963fa4bf8",
  "_resolution": {
    "type": "branch",
    "branch": "master",
    "commit": "5963fa4bf8b1cc1682e150d24008165e6f8f11ce"
  },
  "_source": "https://github.com/israelidanny/ion-profile-picture.git",
  "_target": "*",
  "_originalSource": "ion-profile-picture",
  "_direct": true
}